{"cameraMode":{"drawMode":0,"name":"Shaded","section":"Shading Mode"},"sceneLighting":true,"audioPlay":false,"sceneViewState":{"showFog":true,"showMaterialUpdate":false,"showSkybox":true,"showFlares":true,"showImageEffects":true,"showParticleSystems":true},"in2DMode":false,"pivot":{"x":0.37962913513183596,"y":-0.15000000596046449,"z":0.35004425048828127},"rotation":{"x":-0.1326759308576584,"y":0.7281030416488648,"z":-0.14721472561359406,"w":-0.6561963558197022},"size":155.9686279296875,"orthographic":false}